	PercentReduction	PropCasesReduced	InitialInf	AdjustedInf	NumHCWs	NumPTs	TreatmentEffect	PropImpactedPTs	PropImpactedHCWs	PTPercentReduction	Condition
count	6.0	6.0	6.0	6.0	6.0	6.0	6.0	6.0	6.0	6.0	6.0
mean	10.333675603456895	0.2179277361010873	782.3333333333334	701.5538354196839	236.5	545.8333333333334	170.33333333333334	0.2386708474833256	0.1705954488927585	11.275781756098175	3.0
std	1.0333939896390552	0.023430012476389508	13.109792777411345	17.647858156307972	23.62837277511932	23.112045921265096	16.753109164172084	0.017866325972387118	0.055686528357780166	0.8422874692022104	0.0
min	8.677104795974829	0.1811320754716981	761.0	674.951001271	209.0	516.0	144.0	0.21666666666666667	0.1111111111111111	10.248531666666674	3.0
25%	9.803904336779363	0.20554443208503276	777.0	693.680008553328	227.0	530.25	160.5	0.2235420987599841	0.1343612334801762	10.658713572283876	3.0
50%	10.597442289564043	0.22338790727832714	783.5	701.92272756	230.5	544.0	175.5	0.24120452107911888	0.15939703776218705	11.24509132216534	3.0
75%	11.111846063617836	0.231596438826787	792.25	710.663509668	240.75	563.75	182.25	0.2524291281424314	0.19186996672376788	11.789396952760454	3.0
max	11.307358571484889	0.2457293035479632	796.0	726.0170168720001	279.0	575.0	187.0	0.2591240875912409	0.26495726495726496	12.481889740309478	3.0
