	PercentReduction	PropCasesReduced	InitialInf	AdjustedInf	NumHCWs	NumPTs	TreatmentEffect	PropImpactedPTs	PropImpactedHCWs	PTPercentReduction
count	60.0	60.0	60.0	60.0	60.0	60.0	60.0	60.0	60.0	60.0
mean	9.56815170914351	0.20350689341886677	784.3	708.2705810352697	249.9	534.4	161.36666666666667	0.22201226819251715	0.16334332688714043	10.412703073524568
std	1.8043998360923001	0.033895706048752056	108.97430889893268	96.27631266616429	50.69439844695176	70.26009789298762	37.16110900657931	0.029337981100284856	0.05762272274410097	1.6487797084466642
min	4.232000000000009	0.10666666666666667	75.0	71.826	24.0	51.0	8.0	0.1568627450980392	0.0	6.223529411764705
25%	8.547472079960038	0.1832603261516486	772.0	692.880573603328	223.5	516.75	143.5	0.20184390757883644	0.13216911764705883	9.277975665018307
50%	9.597152115410134	0.2037913872952236	793.0	719.12019784	252.5	540.0	158.5	0.22771836007130125	0.15824252260607466	10.47996942697425
75%	10.749155903703649	0.22349072950961707	823.5	744.5121112	276.75	562.25	180.0	0.24462224873393065	0.20023923444976077	11.508268161403915
max	14.050373101372172	0.28991060025542786	950.0	842.65324384	363.0	614.0	253.0	0.2996742671009772	0.3705357142857143	14.916454570684042
