	PercentReduction	PropCasesReduced	InitialInf	AdjustedInf	NumHCWs	NumPTs	TreatmentEffect	PropImpactedPTs	PropImpactedHCWs	PTPercentReduction
count	60.0	60.0	60.0	60.0	60.0	60.0	60.0	60.0	60.0	60.0
mean	9.479042566574126	0.20067434243607554	821.2833333333333	742.9362015732942	271.46666666666664	549.8166666666667	165.85	0.22077392578754815	0.15797873215362274	10.44255106837155
std	1.5682969731542016	0.03033932673212256	116.37841428174929	103.8284097232141	61.157885882768355	71.71518328864741	37.13412474179219	0.027230653315862312	0.04635495202644174	1.4510088179472111
min	6.507488343450064	0.14285714285714285	75.0	69.131016	18.0	57.0	12.0	0.16318785578747627	0.0547945205479452	7.52162950468751
25%	8.012096174603185	0.17495763062169312	786.25	713.8193526360001	240.25	532.0	143.25	0.20263784727135514	0.12969733432062197	9.477083940888214
50%	9.621401804738019	0.2008004718570947	835.0	748.244383048	263.0	558.5	164.5	0.22083451698611367	0.15150573848216328	10.505701762187623
75%	10.98112738854622	0.22392743862250783	871.75	785.4063517128018	313.25	579.25	192.25	0.2404836609933588	0.1882659191029235	11.55486590592453
max	12.34138826155484	0.26091586794462196	991.0	881.418707432	382.0	616.0	245.0	0.2663230240549828	0.26851851851851855	13.141869178117267
