	PercentReduction	PropCasesReduced	InitialInf	AdjustedInf	NumHCWs	NumPTs	TreatmentEffect	PropImpactedPTs	PropImpactedHCWs	PTPercentReduction
count	180.0	180.0	180.0	180.0	180.0	180.0	180.0	180.0	180.0	180.0
mean	9.534903769256697	0.20200312850467803	764.55	690.8042726626513	253.8	510.75	155.96666666666667	0.22228945979001122	0.16056349784565027	10.478477450064577
std	1.6935495868373922	0.031662472026915835	133.48744108482379	119.66793819743778	61.092145807211665	87.2515066860992	38.009540113829374	0.029008330037315563	0.05033601339759968	1.617850515434251
min	3.281818181818188	0.09090909090909091	33.0	31.916999999999998	5.0	28.0	3.0	0.10714285714285714	0.0	3.86785714285715
25%	8.464855495677172	0.18126035597840612	721.75	654.4102974399999	222.0	476.0	138.0	0.20487848730934044	0.12863901438318273	9.463659537065075
50%	9.609657185027562	0.2022106948892912	783.0	707.937619112	255.0	527.0	154.0	0.22717124857669913	0.15544458762886598	10.58355069290102
75%	10.723586370292498	0.22279575892857142	835.25	754.26334087	288.25	561.0	176.5	0.24303862987132113	0.19122307522836274	11.62270520653416
max	14.050373101372172	0.28991060025542786	991.0	881.418707432	382.0	616.0	253.0	0.2996742671009772	0.3705357142857143	14.916454570684042
